{
  "metricName": "customerIncidentTrend",
  "generatedAt": "2026-01-19T10:15:00Z",
  "interval": "1d",
  "customer": "Contoso",
  "data": [
    {
      "date": "2026-01-13",
      "count": 3
    },
    {
      "date": "2026-01-14",
      "count": 5
    },
    {
      "date": "2026-01-15",
      "count": 2
    },
    {
      "date": "2026-01-16",
      "count": 4
    },
    {
      "date": "2026-01-17",
      "count": 6
    },
    {
      "date": "2026-01-18",
      "count": 3
    },
    {
      "date": "2026-01-19",
      "count": 1
    }
  ]
}