{
  "metricName": "riskyIdentitySignals",
  "generatedAt": "2026-01-19T10:15:00Z",
  "interval": "1d",
  "data": [
    {
      "date": "2026-01-13",
      "count": 22
    },
    {
      "date": "2026-01-14",
      "count": 19
    },
    {
      "date": "2026-01-15",
      "count": 25
    },
    {
      "date": "2026-01-16",
      "count": 21
    },
    {
      "date": "2026-01-17",
      "count": 27
    },
    {
      "date": "2026-01-18",
      "count": 23
    },
    {
      "date": "2026-01-19",
      "count": 18
    }
  ]
}